photo_id,site_id,filename,auteur,commentaire,date,score_qualite,score_insolite
1,5,PlaceEdOrves.jpg,Patrice,-,11/06/2013,86,20
2,12,VieuxPort.jpg,Pierre,-,8/06/2013,31,100
3,15,FortStJean.jpg,Paul,-,20/05/2013,28,14
4,17,CathedraleMajor.jpg,Pascal,-,17/06/2013,28,85
5,19,VieilleCharite3.jpg,Emile,-,21/05/2013,83,96
6,19,VieilleCharite1.jpg,Jacques,-,29/05/2013,41,97
7,20,ParcLongchamp1.jpg,Audrey,-,9/06/2013,66,94
8,20,ParcLongchamp2.jpg,John,-,11/06/2013,68,56
9,20,ParcLongchamp3.jpg,Fabrice,-,5/06/2013,11,73
10,20,ParcLongchamp4.jpg,Ines,-,08/06/2013,7,67
11,20,ParcLongchamp5.jpg,Estelle,-,11/06/2013,38,55
12,20,ParcLongchamp6.jpg,Alexis,-,4/06/2013,43,50
13,22,NotreDameGarde.jpg,Patrice,-,11/06/2013,63,39
14,24,Pharo.jpg,Patrice,-,-,93,14
15,24,Pharo3.jpg,Emile,-,-,65,69
16,24,Pharo4.jpg,Jacques,-,-,39,60
17,24,Pharo5.jpg,Hermann,-,-,1,91
18,24,Pharo6.jpg,Quentin,-,-,99,53
19,30,ParcBorely3.jpg,Paul,-,-,60,45
20,30,ParcBorely6.jpg,Paul,-,-,41,32
21,30,ParcBorely9.jpg,Paul,-,-,50,36
22,30,ParcBorely14.jpg,Joe,,,18,81
23,31,Sormiou3.jpg,Jacques,,01/06/2013,66,1
24,31,Sormiou4.jpg,Joe,,,64,29
25,31,Sormiou5.jpg,Joe,,,63,79
26,31,Sormiou6.jpg,Joe,,,99,54
27,32,Morgiou1.jpg,Joe,,,50,17
28,32,Morgiou2.jpg,Jacques,,01/06/2013,28,71
29,32,Morgiou3.jpg,Joe,,,9,21
30,32,Morgiou4.jpg,Joe,,,63,28
31,32,Morgiou6.jpg,Joe,,,85,40
32,32,Morgiou7.jpg,Joe,,,95,41
33,32,Morgiou8.jpg,Joe,,,94,28
34,32,Morgiou9.jpg,Joe,,,12,53
35,33,PortCalellongue1.jpg,Jacques,,01/06/2013,23,26
36,33,PortCalellongue2.jpg,Joe,,,76,24
37,33,PortCalellongue3.jpg,Joe,,,54,50
38,33,PortCalellongue4.jpg,Joe,,,89,20
39,34,BaieSinges1.jpg,Joe,,,45,80
40,34,BaieSinges4.jpg,Jacques,,01/06/2013,65,24
41,34,BaieSinges5.jpg,Joe,,,96,86
42,37,BunkerGoudes2.jpg,Joe,,,83,35
43,37,BunkerGoudes4.jpg,Joe,,,8,74
44,37,BunkerGoudes5.jpg,Jacques,,01/06/2013,60,25
45,37,BunkerGoudes9.jpg,Joe,,,76,49
46,38,VillaMediterranee.jpg,Joe,,,73,42
47,38,VillaMediterranee3.jpg,Joe,,,99,85
48,39,mp2013CONSERVATOIRE DE MUSIQUE-architecte-Â©Kengo-Kuma-associates-700x340-MP2013.jpg,Joe,,,77,40
49,40,mp2013Musee_Granet_by_Malost-Wikipedia.jpg,Joe,,,72,95
50,41,mp2013Camp Les_Milles_Gebaude_des_Lagers-wikipedia.jpg,Joe,,,59,30
51,42,mp2013La_Ciotat_Cinema_Eden-Wikipedia.jpg,Joe,,,18,71
52,43,mp2013Chapelle_des_penitents_noirs-SombreSanglier-wikipedia.jpg,Joe,,,21,31
53,45,mp2013MuseeDelArlesAntique-ArchiModerne.jpg,Joe,,,77,11
54,49,PontFausseMonnaie.jpg,Joe,,,84,72
55,50,PlagePrado1.jpg,Joe,,,85,60
56,50,PlagePrado2.jpg,Joe,,,41,90
57,50,PlagePrado3.jpg,Jacques,,02/06/2013,83,26
58,50,PlagePrado4.jpg,Joe,,,35,76
59,50,PlagePrado5.jpg,Joe,,,69,61
60,50,PlagePrado6.jpg,Joe,,,93,47
61,50,PlagePrado7.jpg,Joe,,,98,4
62,51,PortGoudes2.jpg,Joe,,,54,1
63,51,PortGoudes4.jpg,Joe,,,88,88
64,51,PortGoudes7.jpg,Joe,,,92,32
65,51,PortGoudes9.jpg,Joe,,,66,54
66,52,PortMadragueMontredon1.jpg,Joe,,,11,14
67,52,PortMadragueMontredon2.jpg,Joe,,,69,56
68,52,PortMadragueMontredon4.jpg,Jacques,,02/06/2013,80,5
69,53,CalanqueMarseilleveyre3.jpg,Joe,,,90,52
70,53,CalanqueMarseilleveyre4.jpg,Joe,,,46,52
71,53,CalanqueMarseilleveyre6.jpg,Jacques,,02/06/2013,24,9
72,53,CalanqueMarseilleveyre7.jpg,Joe,,,32,68
73,54,Massif Marseilleveyre1.jpg,Joe,,,55,72
74,54,Massif Marseilleveyre2.jpg,Joe,,,99,91
75,54,Massif Marseilleveyre3.jpg,Joe,,,79,66
76,54,Massif Marseilleveyre4.jpg,Joe,,,34,43
77,55,Mucem1.jpg,Joe,,,97,34
78,55,Mucem3.jpg,Jacques,,03/06/2013,56,3
79,55,Mucem4.jpg,Joe,,,84,62
80,55,Mucem.jpg,Joe,,,14,85
81,56,PalgeCatalans2.jpg,Joe,,,89,20
82,56,PalgeCatalans3.jpg,Joe,,,52,12
83,56,PalgeCatalans4.jpg,Jacques,,03/06/2013,46,33
84,56,PalgeCatalans1.jpg,Joe,,,17,36
85,57,VallonDesAuffes1.jpg,Joe,,,85,63
86,57,VallonDesAuffes2.jpg,Jacques,,03/06/2013,88,8
87,66,CMA-CGM11.jpg,Joe,,,72,20
88,66,CMA-CGM12.jpg,Joe,,,77,27
89,66,CMA-CGM13.jpg,Joe,,,92,76
90,25,FortNicolas1.jpg,Joe,,,18,71
91,73,FRAC1.jpg,Joe,,,42,52
92,73,FRAC2.jpg,Joe,,,14,39
93,73,FRAC3.jpg,Joe,,,86,70
94,73,FRAC4.jpg,Joe,,,41,70
95,75,J1.jpg,Joe,,,32,56
96,18,LesDocs14.jpg,Joe,,,55,21
97,18,LesDocs13.jpg,Joe,,,76,7
98,65,LeSilo5.jpg,Joe,,,34,22
99,65,LeSilo6.jpg,Joe,,,40,51
100,61,LesPuces6.jpg,Joe,,,58,25
101,61,LesPuces7.jpg,Joe,,,14,45
102,29,LeCorbusier13.jpg,Joe,,,33,86
103,29,LeCorbusier14.jpg,Joe,,,65,10
104,29,LeCorbusier15.jpg,Joe,,,13,57
